<?xml version="1.0" standalone="yes"?>
<rss xmlns:sparkle="http://www.andymatuschak.org/xml-namespaces/sparkle" version="2.0">
    <channel>
            <item>
            <title>2.6 🎉 Wolf Painting 🐺</title>
            <pubDate>Sun, 23 Feb 2025 22:02:47 +0530</pubDate>
            <sparkle:version>2.6+1</sparkle:version>
            <sparkle:shortVersionString>2.6</sparkle:shortVersionString>
            <sparkle:minimumSystemVersion>14.2</sparkle:minimumSystemVersion>
            <description><![CDATA[
                <h1>🎉 v2.6 🚀 Wolf Painting 🐺</h1>
                <p>We're thrilled to announce the release of Wolf Painting version 2.6! 🎊 This major update brings numerous improvements and new features that will make your experience even more enjoyable.</p><br />
                <a href="https://github.com/TheBoredTeam/boring.notch/releases/download/wolf.painting/WolfPainting.dmg"><h1>Download from here</h1></a>
                <h2>🤔 What's Changed? 🤓</h2>
                <ul>
                <li>🧠 Improved memory management and thread safety across the app</li>
                <li>🎥 Enhanced webcam handling with better session lifecycle management</li>
                <li>🎨 Added option to choose between classic and modern notch animations</li>
                <li>⚡️ Improved fullscreen detection with Finder exclusion</li>
                <li>🔄 Better hover state handling and reduced animation flicker</li>
                <li>🔋 Enhanced power status notifications and battery indicators</li>
                <li>⚙️ Improved screen lock and display change handling</li>
                <li>🎵 Better music playback state tracking and elapsed time accuracy</li>
                <li>✨ Added "Buy us a coffee" option in Welcome screen</li>
                <li>⚠️ Added warning badges for unsupported extensions</li>
                <li>🐛 Various bug fixes and stability improvements</li>
                <li>For more details, check out <a href="https://theboring.name">our website</a></li>
                </ul>
            ]]></description>
            <enclosure url="https://github.com/TheBoredTeam/boring.notch/releases/download/wolf.painting/WolfPainting.dmg" length="8722621" type="application/octet-stream" sparkle:edSignature="j2Wp9e23UvN7yx2NztYfGbUiKfCU4qc2xpsPwBPx/ERUz01pJTfJlf8oN0Wri8gcho42/xfcfnWNwChfMPzrCQ=="/>
        </item>
        <item>
            <title>2.5 🎉 Jellyfin Snoring 🪼 (Streaming)</title>
            <pubDate>Wed, 15 Jan 2025 00:34:25 +0530</pubDate>
            <sparkle:version>2.5+1</sparkle:version>
            <sparkle:shortVersionString>2.5</sparkle:shortVersionString>
            <sparkle:minimumSystemVersion>14.2</sparkle:minimumSystemVersion>
            <description><![CDATA[
                <h1>🎉 v2.5 🚀 Jellyfin Snoring 🪼 (Dreaming)</h1>
                <p>We're thrilled to announce the release of Jellyfin Snoring version 2.5! 🎊 This major update brings numerous improvements and new features that will make your experience even more enjoyable.</p><br />
                <h2>🤔 What's Changed? 🤓</h2>
                <ul>
                <li>🧠 Taught our app that RAM isn't an all-you-can-eat buffet (fixed those pesky memory leaks that made your computer think it was training ChatGPT)</li>
                <li>Improved full-screen media detection (Thanks @MicroVisionKit!)</li>
                <li>Jiggly wobbly notch open and close animation.</li>
                <li>Fixed AirDrop invisible window issue and improved error handling 📱</li>
                <li>Improved gesture sensitivity and controls 🖐️</li>
                <li>Better performance optimizations ⚡</li>
                <li>Fixed various minor bugs and stability issues 🐛</li>
                <li> For more details, check out <a href="https://theboring.name">our website</a>.</li>
                </ul>
            ]]></description>
            <enclosure url="https://github.com/TheBoredTeam/boring.notch/releases/download/jellyfin.snoring/JellyfinSnoring.dmg" length="9141153" type="application/octet-stream" sparkle:edSignature="z+7wKceFTIL4ZwF8JnZvuIWfqY+l7eWTaw3mHM7PB6FQJ2VIBD4pJ4lkrgw7ZMRZHrSdpW1Q1Xx/5w+yjV4BCg==" />
        </item>
        <item>
            <title>2.4 🚀 Exciting new features and improvements</title>
            <pubDate>Wed, 20 Nov 2024 15:30:00 +0530</pubDate>
            <sparkle:version>2.4+1</sparkle:version>
            <sparkle:shortVersionString>2.4</sparkle:shortVersionString>
            <sparkle:minimumSystemVersion>14.2</sparkle:minimumSystemVersion>
            <description><![CDATA[
                <h1>🎉 v2.4 🚀 Exciting new features and improvements</h1>
                <p>We're excited to bring you version 2.4 of Jolly Dolphin 🐬 (Dreaming) with some amazing new features and improvements! 🎊</p><br />
                <h2>🤔 What's Changed? 🤓</h2>
                <ul>
                <li>🧠 Taught our app that RAM isn't an all-you-can-eat buffet (fixed those pesky memory leaks that made your computer think it was training ChatGPT)</li>
                <li>Fixed AirDrop invisible window issue and improved error handling 📱</li>
                <li>Improved gesture sensitivity and controls 🖐️</li>
                <li>Better memory management and performance optimizations ⚡</li>
                <li>Enhanced UI responsiveness across virtual desktops 🖥️</li>
                <li>Fixed various minor bugs and stability issues 🐛</li>
                </ul>
            ]]></description>
            <enclosure url="https://github.com/TheBoredTeam/boring.notch/releases/download/jolly.dolphin/JollyDolphin.dmg" length="9089728" type="application/octet-stream" sparkle:edSignature="0z3HRWi3T6Eus3rQgBlqC+vcPkfIRcMQLxXuJXgpLrUCamM5a664mzUkcI0zGN+0y+JF33M5DE5yhuuLgMuQBQ=="/>
        </item>
        <item>
            <title>2.3 🚀 New release with bug fixes and great additions</title>
            <pubDate>Wed, 13 Nov 2024 21:44:25 +0530</pubDate>
            <sparkle:version>2.3+1</sparkle:version>
            <sparkle:shortVersionString>2.3</sparkle:shortVersionString>
            <sparkle:minimumSystemVersion>14.2</sparkle:minimumSystemVersion>
            <description><![CDATA[
                <h1>🎉 v2.3 🚀 New release with bug fixes and great additions</h1>
                <p>We're thrilled to announce the release of Glowing Panda version 2.3! 🎊 This major update brings numerous improvements and new features that will make your experience even more enjoyable.</p><br />
                <h2>🤔 What's Changed? 🤓</h2>
                <ul>
                <li>
                Fixed a bug that caused shelf to be unresponsive to drag and drop @Alexander 🛠️
                </li>
                <li>Fixed a bug that caused sliding text to be unvisible 📝</li>
                <li>Fixed a bug that re-enabled music live activity on media actions 🎵</li>
                <li>Fixed a bug that caused the app flickering when Apple Intelligence windows were open @Alexander 🌟
                </li>
                <li>Settings window won't open on start @Alexander 🛠️</li>
                <li>New feature for battery that reflects low-power mode by @freepicheep 🔋</li>
                <li>Preparing for custom animations in the live activity 🎉</li>
                 <li>Boring notch now stays centered around the notch when changing virtual desktops. 🌟</li>
                 <li>Keyboard shortcut I added to toggle the entire notch. @freepicheep 📝 </li>
                </ul>
            ]]></description>
            <enclosure url="https://github.com/TheBoredTeam/boring.notch/releases/download/glowing-panda/GlowingPanda.dmg" length="9059580" type="application/octet-stream" sparkle:edSignature="NZcPHtGmR+zPIRSTwOrbTV5or6GoieQhdtnFcdhJdt3Gg5Z83A5tG/th/Ekb6DbbnMbCT3z7ckQfZn44mZ3aAQ=="/>
        </item>
        <item>
            <title>🎉 v2.2 🚀 New release with bug fixes and great additions</title>
            <link>https://theboring.name</link>
            <pubDate>Wed, 13 Nov 2024 21:44:25 +0530</pubDate>
            <sparkle:version>2.2+1</sparkle:version>
            <sparkle:shortVersionString>2.2</sparkle:shortVersionString>
            <sparkle:minimumSystemVersion>14.2</sparkle:minimumSystemVersion>
            <description><![CDATA[
            <h1>🎉 v2.2 🚀 New release with bug fixes and great additions</h1>
            <p>We're thrilled to announce the release of Glowing Panda version 2.2! 🎊 This major update brings numerous improvements and new features that will make your experience even more enjoyable.</p><br />
            <h2>🤔 What's Changed? 🤓</h2>
            <ul>
                <li>Calendar & Behavior: 📅 Fixed calendar data handling and behavior issues (Thanks @LostCause!)</li>
                <li>Music Features: 🎵 Added keyboard shortcut for music sneakPeek (Thanks @freepicheep!) and improved Mirror logic (Thanks @LostCause!)</li>
                <li>App Management: 🔄 Implemented app restart functionality (Thanks @LostCause!)</li>
                <li>Media Player: 🎬 New timeline slider and centered controls with tinting options (Based on @LostCause's work)</li>
                <li>Live Activity: 📱 Added option to disable music live activity</li>
                <li>UI Improvements: 🎨 Fixed sizing and spacing issues, especially notch content overlap</li>
                <li>Gesture System: 🤚 Improved gesture logic (Thanks @LostCause!)</li>
                <li>Header Update: 🔄 Removed "Glowing 🐼" text from header</li>
                <li>Settings Enhancement: ⚙️ Added new Appearance and Shortcuts tabs</li>
            </ul>
            ]]></description>
            <enclosure url="https://github.com/TheBoredTeam/boring.notch/releases/download/glowing-panda/GlowingPanda.dmg" length="9059580" type="application/octet-stream" sparkle:edSignature="NZcPHtGmR+zPIRSTwOrbTV5or6GoieQhdtnFcdhJdt3Gg5Z83A5tG/th/Ekb6DbbnMbCT3z7ckQfZn44mZ3aAQ=="/>
        </item>
        <item>
            <title>🎉 v2.1 – Glowing Panda: The Update You've Been Waiting For (Sort Of) 😜</title>
            <link>https://theboring.name</link>
            <pubDate>Sat, 19 Oct 2024 17:38:33 +0530</pubDate>
            <sparkle:version>2.1+1</sparkle:version>
            <sparkle:shortVersionString>2.1</sparkle:shortVersionString>
            <sparkle:minimumSystemVersion>14.2</sparkle:minimumSystemVersion>
            <description><![CDATA[
                <h1>🎉 v2.0 – Glowing Panda: The Update You've Been Waiting For (Sort Of) 😜</h1>
                <p>We're thrilled to announce the release of Glowing Panda version 2.0! 🎊 This major update brings numerous improvements and new features that will make your experience even more enjoyable.</p><br />
                <h2>🤔 What's New? 🤓</h2>
                <ul><li>Rewritten Layout: The Speed Demon 🏃‍♂️ Our layout has been reworked for better performance, making it faster and smoother. We've also added some fancy animations to keep things interesting 😎</li>
                <li>Polished Managers: The Playback Pro 🎵 Playback managers have been revamped to ensure a seamless experience. No more buffering or crashes – we've got this covered 💪</li>
                <li>Calendar & Music Activity: The Visual Showstopper 📆 A fancy blur background behind music activity has been added to enhance the app's visual appeal. It's like a mini-movie in your app 🍿</li>
                <li>Customization Options: Make it Yours (Sort Of) 🎨 More customization options have been introduced to personalize your glow. We've also added some new emojis to make things more fun 🤪</li>
                <li>Improved Settings: Don't Lose Your Stuff 🗂️ New and improved settings that actually save changes 🔄. No more wondering where you put that pesky setting 🔍</li>
                <li>Resource Management Optimizations: The Secret Sauce ⚙️ Our resource management has been optimized for a faster app. We've also added some secret sauce (just kidding, it's just good old-fashioned coding magic ✨)</li>
                <li>Bug Fixes: 🚫 We've squashed some pesky bugs that caused issues with HUDs and Download Manager settings, shelf icon responsiveness, and General tab in Settings.</li>
                <li>Update Check: 🔄 A new feature to check for updates in the Settings / About section has been added.</li>
                <li>Non-Notch Display Customization: 🖥️ Customization options for non-notch displays have been introduced to ensure a seamless experience for all users.</li>
                <li>GitHub Link Update: 🔄 The GitHub link in the settings has been updated to ensure easy access to the latest updates.</li>
                    </ul>
                    ]]></description>
                    <enclosure url="https://github.com/TheBoredTeam/boring.notch/releases/download/glowing-panda/GlowingPanda.dmg" length="10428612" type="application/octet-stream" sparkle:edSignature="x6+BvmZZjnDg/CBMoEMaXMLzQtsW8Hi1Speba/I+KUCbqXgj2pRAo+ATo9m5pqedVmWmAqqEYxSY82u2TK3ZCw=="/>
        </item>
    </channel>
</rss>
